name,credit_score,email,gender
Tatiania Boutwell,716,tboutwell0@virginia.edu,Female
Jeanie Heball,780,jheball1@huffingtonpost.com,Female
Gonzalo Sagrott,721,gsagrott2@craigslist.org,Male
Petunia Dorin,645,pdorin3@youtube.com,Female
Junette Gelland,565,jgelland4@histats.com,Female
Heindrick Vivash,544,hvivash5@weibo.com,Male
Monte Dumbelton,641,mdumbelton6@mozilla.org,Male
Darla Mee,639,dmee7@comcast.net,Female
Jessamyn Loveland,529,jloveland8@lulu.com,Female
Galvan Cheasman,792,gcheasman9@jiathis.com,Male
Lanie Scurr,732,lscurra@jimdo.com,Male
Jedidiah Dalgleish,618,jdalgleishb@japanpost.jp,Male
Margy Moylane,819,mmoylanec@accuweather.com,Female
Demetris Skipper,818,dskipperd@php.net,Female
Hugo Whitters,845,hwhitterse@moonfruit.com,Male
Adi Ellery,507,aelleryf@ed.gov,Female
Don Cotelard,611,dcotelardg@admin.ch,Male
Kaitlyn Hampshire,717,khampshireh@goodreads.com,Female
Dud Mumbray,706,dmumbrayi@discuz.net,Male
Grayce Enticott,665,genticottj@washingtonpost.com,Female
Franny Sibbs,565,fsibbsk@opensource.org,Female
Bowie Barlie,593,bbarliel@amazonaws.com,Male
Joelie Spellman,576,jspellmanm@cornell.edu,Female
Lanita Grayland,525,lgraylandn@shop-pro.jp,Female
Ely Shilston,759,eshilstono@tripod.com,Male
Addy Heliot,664,aheliotp@wisc.edu,Male
Zaccaria De Rechter,757,zdeq@cocolog-nifty.com,Male
Davine Roe,623,droer@symantec.com,Female
Atalanta Accombe,675,aaccombes@shutterfly.com,Female
Gerianna McMillian,746,gmcmilliant@archive.org,Female
Addie Shea,767,asheau@edublogs.org,Male
Davidson Eastcott,584,deastcottv@earthlink.net,Male
Sully Planque,579,splanquew@jugem.jp,Male
Hadlee Van der Hoeven,812,hvanx@elegantthemes.com,Male
Pail Laroze,800,plarozey@intel.com,Male
Jesselyn Darlow,535,jdarlowz@techcrunch.com,Female
Denyse Swannick,768,dswannick10@soup.io,Female
May Feldhammer,591,mfeldhammer11@google.de,Female
Jessy Albone,532,jalbone12@weibo.com,Female
Silvia Bevis,673,sbevis13@tmall.com,Female
Efrem Moules,781,emoules14@cdbaby.com,Male
Conroy Hullot,672,chullot15@nifty.com,Male
Gloria Sheryne,632,gsheryne16@google.com,Female
Bernadine Bau,673,bbau17@shutterfly.com,Female
Pincus Tosdevin,576,ptosdevin18@last.fm,Male
Isidora Drakes,702,idrakes19@google.it,Female
Josselyn Mawtus,766,jmawtus1a@plala.or.jp,Female
Vincents Iannelli,738,viannelli1b@google.de,Male
Jewel Matej,821,jmatej1c@scientificamerican.com,Female
Yoshi Keaveney,756,ykeaveney1d@hubpages.com,Female
Grayce Skottle,509,gskottle1e@example.com,Female
Lishe Geeraert,833,lgeeraert1f@sfgate.com,Female
Hershel Balsillie,533,hbalsillie1g@ucoz.ru,Male
Samuel Winterbotham,604,swinterbotham1h@prlog.org,Male
Hally Shave,571,hshave1i@soundcloud.com,Female
Sinclair Paumier,729,spaumier1j@t.co,Male
Golda Hargreaves,574,ghargreaves1k@newyorker.com,Female
Flora McSperron,700,fmcsperron1l@shop-pro.jp,Female
Roxi Woollam,767,rwoollam1m@unblog.fr,Female
Robers Hegden,629,rhegden1n@state.gov,Male
Marcille Dongles,821,mdongles1o@scribd.com,Female
Rosy Geal,724,rgeal1p@studiopress.com,Female
Welch Hartzogs,727,whartzogs1q@themeforest.net,Male
Lina Jeannel,605,ljeannel1r@abc.net.au,Female
Melisandra Birney,728,mbirney1s@adobe.com,Female
Josefa Kybbye,589,jkybbye1t@printfriendly.com,Female
Geraldine Salazar,505,gsalazar1u@admin.ch,Female
Jeanelle Hansmann,682,jhansmann1v@engadget.com,Female
Gussie Lawles,820,glawles1w@studiopress.com,Female
Ashby Dewdney,713,adewdney1x@buzzfeed.com,Male
Trace Binton,539,tbinton1y@stumbleupon.com,Male
Sherman Lyddyard,542,slyddyard1z@ed.gov,Male
Kathrine Squirrell,631,ksquirrell20@mtv.com,Female
Farrell Carrick,825,fcarrick21@shutterfly.com,Male
Florida Bradley,657,fbradley22@hexun.com,Female
Julita Huckabe,679,jhuckabe23@theglobeandmail.com,Female
Camala Girogetti,823,cgirogetti24@huffingtonpost.com,Female
Addie Merryfield,652,amerryfield25@foxnews.com,Female
Rubin Hadgraft,780,rhadgraft26@cargocollective.com,Male
Tiebold Cabrera,532,tcabrera27@toplist.cz,Male
Leonidas Petherick,827,lpetherick28@icq.com,Male
Sybil Steuhlmeyer,765,ssteuhlmeyer29@dmoz.org,Female
Roberta Goode,705,rgoode2a@alexa.com,Female
Phylys Train,589,ptrain2b@mtv.com,Female
Zelda Galletly,646,zgalletly2c@reuters.com,Female
Noe Clayson,775,nclayson2d@mayoclinic.com,Male
Roxane McIlwrick,762,rmcilwrick2e@squidoo.com,Female
Carolann Collaton,548,ccollaton2f@nhs.uk,Female
Benedict Prahl,534,bprahl2g@oaic.gov.au,Male
Killy Kilfeather,752,kkilfeather2h@de.vu,Male
Jermaine Dach,651,jdach2i@msu.edu,Female
Edith Vidineev,679,evidineev2j@rambler.ru,Female
Thurston Effemy,706,teffemy2k@berkeley.edu,Male
Nickie Tydd,629,ntydd2l@illinois.edu,Female
Padget Wormell,583,pwormell2m@columbia.edu,Male
Constancia Hallatt,767,challatt2n@zimbio.com,Female
Devlin Sigars,684,dsigars2o@google.ca,Male
Nichols Whitlock,573,nwhitlock2p@webeden.co.uk,Male
Fritz Nail,550,fnail2q@cnn.com,Male
Sadye Ridd,572,sridd2r@friendfeed.com,Female
Elenore Cokly,541,ecokly2s@so-net.ne.jp,Female
Rosaline Barrs,741,rbarrs2t@google.de,Female
Anselm Utting,644,autting2u@mysql.com,Male
Jerald Treske,517,jtreske2v@surveymonkey.com,Male
Napoleon Offill,527,noffill2w@tripod.com,Male
Jed Hearmon,520,jhearmon2x@soup.io,Male
Angie McElwee,738,amcelwee2y@edublogs.org,Male
Geoffrey Kincade,610,gkincade2z@cornell.edu,Male
Willey Dullingham,804,wdullingham30@economist.com,Male
Desiri Lebarree,632,dlebarree31@artisteer.com,Female
Caria Grimston,747,cgrimston32@psu.edu,Female
Allie Gallico,738,agallico33@google.com.br,Female
Cecil Glede,624,cglede34@toplist.cz,Male
Dasie Rabbatts,795,drabbatts35@arizona.edu,Female
Haley Jackalin,637,hjackalin36@cocolog-nifty.com,Female
Darill Tallquist,635,dtallquist37@ehow.com,Male
Jayson Aisthorpe,575,jaisthorpe38@dedecms.com,Male
Kennie Sam,502,ksam39@newsvine.com,Male
Tyler Twopenny,742,ttwopenny3a@ameblo.jp,Male
Sallee Twyford,583,stwyford3b@amazon.co.jp,Female
Devan Rickard,756,drickard3c@cyberchimps.com,Female
Frederik Olexa,717,folexa3d@spotify.com,Male
Mackenzie Kubista,777,mkubista3e@hhs.gov,Male
Waite Stonhewer,641,wstonhewer3f@ycombinator.com,Male
Viviana Grove,696,vgrove3g@ted.com,Female
Sutherland Olivi,811,solivi3h@guardian.co.uk,Male
Bee Jarnell,772,bjarnell3i@wikispaces.com,Female
Tedie Jamme,574,tjamme3j@flavors.me,Male
Farica Trehearn,677,ftrehearn3k@ustream.tv,Female
Duncan Chambers,582,dchambers3l@princeton.edu,Male
Kara Foad,647,kfoad3m@surveymonkey.com,Female
Abbot Cantrill,513,acantrill3n@about.com,Male
Julian Pettie,557,jpettie3o@ca.gov,Male
Orelia Stitt,545,ostitt3p@auda.org.au,Female
Leshia Lebel,825,llebel3q@1und1.de,Female
Rolph Batthew,769,rbatthew3r@wiley.com,Male
Julie Timms,599,jtimms3s@hc360.com,Female
Woodman Kemet,539,wkemet3t@tripod.com,Male
Carleton Hassey,829,chassey3u@is.gd,Male
Idalina Deval,712,ideval3v@ebay.co.uk,Female
Hesther Turfrey,801,hturfrey3w@thetimes.co.uk,Female
Zacharie Drohan,801,zdrohan3x@jugem.jp,Male
Velvet Bundy,519,vbundy3y@cnn.com,Female
Ralph Elfe,657,relfe3z@yahoo.co.jp,Male
Nevins Jerams,754,njerams40@blogtalkradio.com,Male
Barnabas Shurman,550,bshurman41@mail.ru,Male
Olivette Doornbos,525,odoornbos42@spiegel.de,Female
Mick Dawidowitsch,718,mdawidowitsch43@ox.ac.uk,Male
Tomas Snoxill,789,tsnoxill44@webmd.com,Male
Dennet Royden,733,droyden45@discovery.com,Male
Timothee Hugnet,598,thugnet46@hibu.com,Male
Panchito Haestier,675,phaestier47@seattletimes.com,Male
Rosita Anglim,543,ranglim48@gmpg.org,Female
Antonino Aubrun,615,aaubrun49@house.gov,Male
Netty Lowle,820,nlowle4a@globo.com,Female
Berkie Ansty,655,bansty4b@storify.com,Male
Torey Logie,801,tlogie4c@goo.gl,Male
Linzy Whaley,850,lwhaley4d@clickbank.net,Female
Barron Haseman,805,bhaseman4e@cisco.com,Male
Kimball Curnokk,741,kcurnokk4f@alibaba.com,Male
Cris Hulatt,674,chulatt4g@vimeo.com,Male
Darla Losselyong,583,dlosselyong4h@pinterest.com,Female
Colene Hugett,738,chugett4i@eepurl.com,Female
Carlota Pinck,556,cpinck4j@newsvine.com,Female
Gale Boanas,848,gboanas4k@ca.gov,Male
Ailsun Coger,676,acoger4l@princeton.edu,Female
Kipp Bartles,715,kbartles4m@nbcnews.com,Female
Alec Gullane,761,agullane4n@qq.com,Male
Genevra Brazur,800,gbrazur4o@fc2.com,Female
Fredi Farnfield,813,ffarnfield4p@un.org,Female
Costa Hazelden,642,chazelden4q@vk.com,Male
Lida Colegrove,644,lcolegrove4r@multiply.com,Female
Jaymie Knaggs,719,jknaggs4s@discuz.net,Male
Kellina Shadbolt,728,kshadbolt4t@1und1.de,Female
Horatio Shutler,778,hshutler4u@posterous.com,Male
Ranique Zum Felde,662,rzum4v@vimeo.com,Female
Michell Skelington,797,mskelington4w@symantec.com,Female
Hadlee Kisting,788,hkisting4x@nytimes.com,Male
Theressa Standell,665,tstandell4y@acquirethisname.com,Female
Shell Gianetti,830,sgianetti4z@oakley.com,Male
Alexina Escoffier,819,aescoffier50@phpbb.com,Female
Gina Marler,845,gmarler51@ftc.gov,Female
Leila Tomalin,813,ltomalin52@businesswire.com,Female
Jarid Dorsett,720,jdorsett53@yellowbook.com,Male
Shela Beetles,765,sbeetles54@odnoklassniki.ru,Female
Bianca Fulle,649,bfulle55@cbsnews.com,Female
Rachael Lotwich,776,rlotwich56@quantcast.com,Female
Darb Iddy,821,diddy57@youku.com,Male
Eldridge Pettisall,633,epettisall58@hatena.ne.jp,Male
Doloritas Stammler,527,dstammler59@vk.com,Female
Ailyn Stripp,738,astripp5a@reverbnation.com,Female
Farlay Gatward,602,fgatward5b@mapquest.com,Male
Leia Happer,700,lhapper5c@telegraph.co.uk,Female
Manolo Worg,702,mworg5d@pagesperso-orange.fr,Male
Breena Astill,688,bastill5e@google.pl,Female
Maryanna Slack,544,mslack5f@360.cn,Female
Berrie Westcott,585,bwestcott5g@cbc.ca,Female
Glyn Boorn,793,gboorn5h@adobe.com,Male
Anderson Theze,531,atheze5i@purevolume.com,Male
Dulci Oliphand,622,doliphand5j@facebook.com,Female
Livvyy Vauter,500,lvauter5k@hatena.ne.jp,Female
Sher Caygill,590,scaygill5l@apache.org,Female
Vernen Mordon,788,vmordon5m@apple.com,Male
Ernst Matteacci,828,ematteacci5n@nbcnews.com,Male
Ora McCrea,569,omccrea5o@bloglovin.com,Female
Kyrstin Justham,569,kjustham5p@discuz.net,Female
Farrand Warcop,516,fwarcop5q@kickstarter.com,Female
Carlyn Arnull,689,carnull5r@blinklist.com,Female
Henrik Bugbird,804,hbugbird5s@goo.gl,Male
Onida Bilborough,731,obilborough5t@uiuc.edu,Female
Berte Agglione,844,bagglione5u@examiner.com,Female
Fabiano Edmeades,819,fedmeades5v@sfgate.com,Male
Leslie Ommanney,505,lommanney5w@columbia.edu,Male
Lavinie Rickman,573,lrickman5x@who.int,Female
Kale Dibbin,822,kdibbin5y@a8.net,Male
Craggy Tieman,596,ctieman5z@hubpages.com,Male
Livia Mousley,593,lmousley60@bbc.co.uk,Female
Celesta Syplus,833,csyplus61@independent.co.uk,Female
Patti Janczewski,766,pjanczewski62@cloudflare.com,Female
Micheline Robson,515,mrobson63@typepad.com,Female
Joseph Doward,645,jdoward64@jiathis.com,Male
Daren Apfler,610,dapfler65@istockphoto.com,Male
Tiffani McGilroy,669,tmcgilroy66@tinypic.com,Female
Gaultiero Merryweather,764,gmerryweather67@sbwire.com,Male
Bethanne Sudell,511,bsudell68@sohu.com,Female
Calida Gatheridge,637,cgatheridge69@cam.ac.uk,Female
Thorndike Sends,696,tsends6a@webs.com,Male
Maurice Matt,833,mmatt6b@slideshare.net,Male
Rochester Gofton,524,rgofton6c@51.la,Male
Bondie Baldelli,628,bbaldelli6d@pen.io,Male
Bryon Dinley,714,bdinley6e@skype.com,Male
Sharron Sange,691,ssange6f@google.fr,Female
Willy Larway,687,wlarway6g@amazon.co.uk,Female
Nert Musterd,509,nmusterd6h@nsw.gov.au,Female
Pincas Primett,590,pprimett6i@goo.gl,Male
Anselma Moyse,700,amoyse6j@moonfruit.com,Female
Rurik Quade,544,rquade6k@marketwatch.com,Male
Townsend Veness,808,tveness6l@latimes.com,Male
Benji O'Spillane,641,bospillane6m@friendfeed.com,Male
Herbie Pasterfield,510,hpasterfield6n@angelfire.com,Male
Gustavus Kempshall,676,gkempshall6o@wsj.com,Male
Murial Griffoen,666,mgriffoen6p@google.ca,Female
Odey Coyle,546,ocoyle6q@comcast.net,Male
Palmer Hopkins,735,phopkins6r@flickr.com,Male
Vivianna Teasell,796,vteasell6s@live.com,Female
Pansy Peoples,721,ppeoples6t@ehow.com,Female
Bron O'Corrigane,795,bocorrigane6u@about.me,Male
Sayer Roote,543,sroote6v@businesswire.com,Male
Orsola Nutty,636,onutty6w@youtube.com,Female
Wilden Ridolfi,592,wridolfi6x@webmd.com,Male
Petronia Karel,830,pkarel6y@blinklist.com,Female
Aurilia Timlin,715,atimlin6z@xing.com,Female
Seward Cline,810,scline70@bloglines.com,Male
Leland Colquete,819,lcolquete71@prweb.com,Female
Federica Heinssen,841,fheinssen72@harvard.edu,Female
Othello Ivanchikov,711,oivanchikov73@livejournal.com,Male
Gustavo Rizzardini,675,grizzardini74@freewebs.com,Male
Iris Giocannoni,501,igiocannoni75@sakura.ne.jp,Female
Piper Ingledow,558,pingledow76@wikipedia.org,Female
Briano Schollar,832,bschollar77@arizona.edu,Male
Forrest Lippi,602,flippi78@apple.com,Male
Eveleen Joselevitz,552,ejoselevitz79@phpbb.com,Female
Fraze Acres,665,facres7a@eventbrite.com,Male
Brynn Follos,748,bfollos7b@columbia.edu,Female
Teddy Gowthrop,531,tgowthrop7c@wikipedia.org,Female
Lexy Thirwell,709,lthirwell7d@vimeo.com,Female
Alfons Brickdale,621,abrickdale7e@howstuffworks.com,Male
Shannon Lafayette,565,slafayette7f@blogger.com,Female
Willamina Harhoff,565,wharhoff7g@ameblo.jp,Female
Staffard Beaumont,551,sbeaumont7h@marketwatch.com,Male
Gunter Baulk,552,gbaulk7i@yellowbook.com,Male
Marillin Irnys,637,mirnys7j@usda.gov,Female
Stevana Inderwick,716,sinderwick7k@w3.org,Female
Terra Myles,683,tmyles7l@sourceforge.net,Female
Germana Lehr,635,glehr7m@slideshare.net,Female
Charil Alexandrou,717,calexandrou7n@toplist.cz,Female
Mikael Cheesman,509,mcheesman7o@nsw.gov.au,Male
Lauritz Dunrige,834,ldunrige7p@cisco.com,Male
Consuela Belmont,823,cbelmont7q@icq.com,Female
Ham Akenhead,689,hakenhead7r@mac.com,Male
Neel Morshead,646,nmorshead7s@etsy.com,Male
Travers Ansill,531,tansill7t@gravatar.com,Male
Kendrick Jeynes,717,kjeynes7u@marriott.com,Male
Eleanore Schuster,793,eschuster7v@blogtalkradio.com,Female
Neala Mordin,598,nmordin7w@pinterest.com,Female
Pammy Alliott,596,palliott7x@baidu.com,Female
Stephana Abramamov,641,sabramamov7y@ucoz.com,Female
Marja Mayers,794,mmayers7z@springer.com,Female
Alexine Lawey,727,alawey80@washingtonpost.com,Female
Tabby Cantu,647,tcantu81@mlb.com,Male
Emelita Burris,696,eburris82@blogger.com,Female
Giuseppe Covely,674,gcovely83@bloomberg.com,Male
Jeanine Uzelli,553,juzelli84@prweb.com,Female
Sandi Atlee,741,satlee85@so-net.ne.jp,Female
Erika Reeday,554,ereeday86@tripod.com,Female
Alyss Ubach,554,aubach87@buzzfeed.com,Female
Nikaniki Hewins,557,nhewins88@opera.com,Female
Deidre Orrum,639,dorrum89@com.com,Female
Libby Chaplain,633,lchaplain8a@joomla.org,Female
Micheline McClements,696,mmcclements8b@prweb.com,Female
Blanca Chumley,754,bchumley8c@aboutads.info,Female
Berrie Tween,779,btween8d@thetimes.co.uk,Female
Hedwig Faustian,639,hfaustian8e@cafepress.com,Female
Eugenio MacAleese,710,emacaleese8f@wsj.com,Male
Coleman Dearnaly,814,cdearnaly8g@redcross.org,Male
August McPhilip,522,amcphilip8h@ebay.co.uk,Male
Konstantin Furneaux,744,kfurneaux8i@alibaba.com,Male
Farr Blackbourn,789,fblackbourn8j@whitehouse.gov,Male
Cherice Gartland,558,cgartland8k@phoca.cz,Female
Harriet Parfett,847,hparfett8l@bbc.co.uk,Female
Normy Faraker,632,nfaraker8m@washington.edu,Male
Spenser Meiklem,623,smeiklem8n@furl.net,Male
Kathy Ben,502,kben8o@utexas.edu,Female
Jaymee Ormiston,620,jormiston8p@time.com,Female
Liuka Loads,783,lloads8q@addtoany.com,Female
Ulrich Shrieve,650,ushrieve8r@aol.com,Male
Lorrie Ingerith,520,lingerith8s@ask.com,Male
Kari Matitiaho,654,kmatitiaho8t@vinaora.com,Female
Kenneth Kemmett,564,kkemmett8u@fda.gov,Male
Jodi Dransfield,720,jdransfield8v@newsvine.com,Male
Zorah Adolfson,517,zadolfson8w@oracle.com,Female
Mufinella Karoly,848,mkaroly8x@fda.gov,Female
Jeremiah Antony,703,jantony8y@loc.gov,Male
Jozef Macauley,569,jmacauley8z@mtv.com,Male
Alvan Pleat,552,apleat90@loc.gov,Male
Alysia Yeowell,666,ayeowell91@bandcamp.com,Female
Phylis Pheasant,708,ppheasant92@ehow.com,Female
Evy De Ferrari,722,ede93@elpais.com,Female
Peirce Raiment,698,praiment94@xinhuanet.com,Male
Rock Gann,556,rgann95@goodreads.com,Male
Joey Heck,820,jheck96@unicef.org,Female
Othelia Asplin,796,oasplin97@webs.com,Female
Damiano Duding,839,dduding98@yellowbook.com,Male
Angela Crenshaw,662,acrenshaw99@meetup.com,Female
Randal Dockrell,656,rdockrell9a@pcworld.com,Male
Missy Beckensall,730,mbeckensall9b@free.fr,Female
Tom Bellows,695,tbellows9c@parallels.com,Male
Hamilton Stackbridge,742,hstackbridge9d@bloglovin.com,Male
Shirlene Thynne,514,sthynne9e@hhs.gov,Female
Eugine MacConnechie,690,emacconnechie9f@infoseek.co.jp,Female
Jacky Perillo,844,jperillo9g@istockphoto.com,Male
Carrie MacFaell,541,cmacfaell9h@photobucket.com,Female
Abbe Doran,776,adoran9i@pcworld.com,Male
Eyde Jeffryes,635,ejeffryes9j@usda.gov,Female
Jase Gouldie,531,jgouldie9k@wisc.edu,Male
Leyla Vyel,693,lvyel9l@chicagotribune.com,Female
Mufi Wegener,795,mwegener9m@washington.edu,Female
Garland Tolomei,806,gtolomei9n@vistaprint.com,Female
Aimil Warratt,787,awarratt9o@washingtonpost.com,Female
Ryann Halleybone,574,rhalleybone9p@sciencedaily.com,Female
Stearne Archdeckne,636,sarchdeckne9q@ustream.tv,Male
Raina Ormerod,815,rormerod9r@go.com,Female
Ceciley Creer,784,ccreer9s@blogtalkradio.com,Female
Maryellen Jeacock,752,mjeacock9t@istockphoto.com,Female
Cherise Summerfield,794,csummerfield9u@who.int,Female
Rosella Reeds,624,rreeds9v@umn.edu,Female
Garold Colthard,813,gcolthard9w@flavors.me,Male
Sioux Lagde,700,slagde9x@wikia.com,Female
Magda MacMorland,714,mmacmorland9y@themeforest.net,Female
Graham Demko,644,gdemko9z@foxnews.com,Male
Christye Tremblett,847,ctrembletta0@cnbc.com,Female
Regina Halsey,686,rhalseya1@imdb.com,Female
Kincaid Pilling,735,kpillinga2@toplist.cz,Male
Flore Jouanny,740,fjouannya3@youku.com,Female
Johnath MacAlister,683,jmacalistera4@icq.com,Female
Marc Mantrip,512,mmantripa5@berkeley.edu,Male
Braden Skeermer,508,bskeermera6@discovery.com,Male
Tracey Checklin,544,tchecklina7@alexa.com,Male
Marleah Goosey,709,mgooseya8@sitemeter.com,Female
Josefina Jephson,612,jjephsona9@princeton.edu,Female
Abra Bugge,647,abuggeaa@fda.gov,Female
Ade Slayford,844,aslayfordab@google.co.jp,Male
Carce Crowcher,507,ccrowcherac@google.pl,Male
Derby Stapforth,820,dstapforthad@google.com.hk,Male
Eleni Lochet,701,elochetae@tumblr.com,Female
Daisi Ketley,771,dketleyaf@phoca.cz,Female
Robina Beecheno,811,rbeechenoag@hatena.ne.jp,Female
Haroun Reidshaw,742,hreidshawah@bing.com,Male
Crichton Ewert,554,cewertai@360.cn,Male
Giffard Collomosse,722,gcollomosseaj@uiuc.edu,Male
Eada Bensen,715,ebensenak@google.nl,Female
Druci Gyer,538,dgyeral@godaddy.com,Female
Cherye Cothey,583,ccotheyam@pen.io,Female
Dallas Fruish,719,dfruishan@un.org,Female
Kareem Longdon,544,klongdonao@sun.com,Male
Agnola Clear,667,aclearap@nature.com,Female
Daron Neve,745,dneveaq@creativecommons.org,Male
Velvet Chatterton,505,vchattertonar@soundcloud.com,Female
Grenville Donaghy,742,gdonaghyas@csmonitor.com,Male
Nikolos Norvel,647,nnorvelat@shutterfly.com,Male
Clement Abeles,704,cabelesau@unblog.fr,Male
Duky O'Loghlen,740,dologhlenav@dedecms.com,Male
Alana Astell,759,aastellaw@nih.gov,Female
Nickolaus Letty,659,nlettyax@360.cn,Male
Jarad Vasyagin,703,jvasyaginay@google.com.hk,Male
Karyn Hinstock,843,khinstockaz@addtoany.com,Female
Rickie Order,532,rorderb0@gizmodo.com,Female
Raynell Sives,757,rsivesb1@ebay.co.uk,Female
Ros Monan,779,rmonanb2@webmd.com,Female
Morse Harry,700,mharryb3@army.mil,Male
Bram Buttrum,699,bbuttrumb4@instagram.com,Male
Gene Copp,596,gcoppb5@virginia.edu,Male
Moll Zute,525,mzuteb6@163.com,Female
Kacy Lamyman,667,klamymanb7@yellowpages.com,Female
Mikey McGrotty,567,mmcgrottyb8@tamu.edu,Male
Merilee Manton,641,mmantonb9@un.org,Female
Jayme Berrick,665,jberrickba@over-blog.com,Female
Tiffi Peeters,546,tpeetersbb@senate.gov,Female
Isiahi Hamilton,793,ihamiltonbc@thetimes.co.uk,Male
Corby Egdale,609,cegdalebd@howstuffworks.com,Male
Pincas Cassey,695,pcasseybe@google.co.uk,Male
Frannie Mabbot,750,fmabbotbf@moonfruit.com,Female
Toby Coughtrey,576,tcoughtreybg@eventbrite.com,Female
Raquel Lemon,834,rlemonbh@123-reg.co.uk,Female
Lon Highway,630,lhighwaybi@issuu.com,Male
Alvy Daly,601,adalybj@flavors.me,Male
Rabbi Balcombe,513,rbalcombebk@answers.com,Male
Jermayne Moakson,529,jmoaksonbl@g.co,Male
Irena Jirka,809,ijirkabm@wp.com,Female
Siobhan Yirrell,658,syirrellbn@stanford.edu,Female
Hanson Perdue,538,hperduebo@zdnet.com,Male
Gerik Allward,776,gallwardbp@businessinsider.com,Male
Sheffy Apfler,668,sapflerbq@washington.edu,Male
Ferris Harsnep,771,fharsnepbr@booking.com,Male
Layne Arboin,609,larboinbs@msu.edu,Female
Maris Bracer,703,mbracerbt@shop-pro.jp,Female
Isidore Bercher,769,ibercherbu@wired.com,Male
Koralle Lancley,659,klancleybv@state.tx.us,Female
Tynan Mableson,537,tmablesonbw@gmpg.org,Male
Arty Carr,660,acarrbx@ehow.com,Male
Kirstin Petrichat,804,kpetrichatby@miibeian.gov.cn,Female
Terry Hambrick,833,thambrickbz@fastcompany.com,Female
Tobiah MacQuist,519,tmacquistc0@buzzfeed.com,Male
Lynna Frostdick,759,lfrostdickc1@elegantthemes.com,Female
Raffaello Shackesby,731,rshackesbyc2@china.com.cn,Male
Mallory Moneypenny,619,mmoneypennyc3@usgs.gov,Male
Markos Rain,572,mrainc4@un.org,Male
Zulema Cashford,588,zcashfordc5@samsung.com,Female
Myer Karpmann,562,mkarpmannc6@unicef.org,Male
Quill Cinelli,526,qcinellic7@msn.com,Male
Annalise Pleace,737,apleacec8@apache.org,Female
Jo Maruska,534,jmaruskac9@geocities.com,Male
Korey Miquelet,677,kmiqueletca@theguardian.com,Male
Giulio Titcomb,507,gtitcombcb@behance.net,Male
Skelly Feeny,776,sfeenycc@java.com,Male
Kristian Sherebrook,644,ksherebrookcd@fda.gov,Male
Peirce Rawne,748,prawnece@histats.com,Male
Iolande Gorham,605,igorhamcf@bing.com,Female
Patrica McCarlie,780,pmccarliecg@com.com,Female
Lambert Grabban,735,lgrabbanch@microsoft.com,Male
Steward Botler,788,sbotlerci@blogs.com,Male
Damita Robb,549,drobbcj@comsenz.com,Female
Dorene Ekless,622,deklessck@nature.com,Female
Tiffie Dewett,691,tdewettcl@woothemes.com,Female
Dolli Ollerton,781,dollertoncm@bloomberg.com,Female
Aguistin Ghelardi,523,aghelardicn@icq.com,Male
Eustacia Grabert,556,egrabertco@i2i.jp,Female
Tamarah Skippen,513,tskippencp@newsvine.com,Female
Koo Szymaniak,504,kszymaniakcq@paginegialle.it,Female
Diego Myner,667,dmynercr@pagesperso-orange.fr,Male
Rolf Oglesbee,592,roglesbeecs@va.gov,Male
Clemmie Cardenas,575,ccardenasct@miibeian.gov.cn,Female
Bernhard McTeer,559,bmcteercu@over-blog.com,Male
Margarita Bachura,597,mbachuracv@usatoday.com,Female
Sal Palatino,648,spalatinocw@usatoday.com,Male
Garvy Heibel,654,gheibelcx@shareasale.com,Male
Aindrea O'Kielt,683,aokieltcy@blogtalkradio.com,Female
Amelia Bernardon,608,abernardoncz@dedecms.com,Female
Celie Croome,506,ccroomed0@goodreads.com,Female
Weston MacVagh,606,wmacvaghd1@cnet.com,Male
Blondie Slater,711,bslaterd2@ebay.co.uk,Female
Aurora Naton,654,anatond3@google.ca,Female
Anthiathia McKelvey,619,amckelveyd4@umn.edu,Female
Phil Mairs,585,pmairsd5@army.mil,Female
Brade Najara,658,bnajarad6@joomla.org,Male
Nester Blaney,720,nblaneyd7@mashable.com,Male
Dew Allicock,538,dallicockd8@pinterest.com,Male
Tymothy Bucham,530,tbuchamd9@fc2.com,Male
Penni Chisolm,651,pchisolmda@dmoz.org,Female
Cirstoforo Cranna,641,ccrannadb@epa.gov,Male
Gaven Lindup,797,glindupdc@washingtonpost.com,Male
Gaelan Elgey,750,gelgeydd@amazon.de,Male
Tirrell Kilfeder,509,tkilfederde@upenn.edu,Male
Barris O'Kynsillaghe,523,bokynsillaghedf@smh.com.au,Male
Fransisco Kinningley,715,fkinningleydg@dell.com,Male
Oliver Hirtzmann,822,ohirtzmanndh@yellowbook.com,Male
Naomi Booley,677,nbooleydi@bbb.org,Female
Benedetto Nasey,848,bnaseydj@nifty.com,Male
Gerardo Shingfield,615,gshingfielddk@friendfeed.com,Male
Clarine Kollaschek,629,ckollaschekdl@elpais.com,Female
Minni Tocque,623,mtocquedm@prlog.org,Female
Cynthea Ambler,765,camblerdn@free.fr,Female
Bud McCarly,635,bmccarlydo@oracle.com,Male
Jesse Abramcik,831,jabramcikdp@ibm.com,Female
Maximo Bussey,685,mbusseydq@fc2.com,Male
Rebbecca Schober,554,rschoberdr@blogs.com,Female
Hollis Caustic,558,hcausticds@salon.com,Male
Zacherie Plesing,696,zplesingdt@hostgator.com,Male
Teresina Attiwill,849,tattiwilldu@flickr.com,Female
Pepillo Baltrushaitis,541,pbaltrushaitisdv@wikispaces.com,Male
Rowland Killelay,530,rkillelaydw@google.fr,Male
Peggi Hanburry,575,phanburrydx@ifeng.com,Female
Sansone Landor,768,slandordy@canalblog.com,Male
Malina Gather,792,mgatherdz@economist.com,Female
Godfree Lawrie,666,glawriee0@usnews.com,Male
Matty Akett,663,makette1@uol.com.br,Female
Raquel Gainsburgh,652,rgainsburghe2@noaa.gov,Female
Isaak Newlin,657,inewline3@delicious.com,Male
Verla Cinavas,661,vcinavase4@indiegogo.com,Female
Jude Jeff,635,jjeffe5@economist.com,Male
Florence Panchen,819,fpanchene6@flickr.com,Female
Meggi Almon,625,malmone7@geocities.com,Female
Marti Oller,677,mollere8@spotify.com,Female
Fred Bezarra,526,fbezarrae9@gnu.org,Female
Rutledge Scollick,588,rscollickea@ameblo.jp,Male
Nedi Bruhnke,732,nbruhnkeeb@elpais.com,Female
Vinson Gingold,505,vgingoldec@drupal.org,Male
Dorey Jellico,669,djellicoed@photobucket.com,Female
Katlin McMahon,749,kmcmahonee@economist.com,Female
Giulia Woodyer,651,gwoodyeref@arizona.edu,Female
Shermie Sinclar,660,ssinclareg@myspace.com,Male
Wildon Hanratty,766,whanrattyeh@blinklist.com,Male
Morena Wyldish,638,mwyldishei@feedburner.com,Female
Katee Bellworthy,770,kbellworthyej@auda.org.au,Female
Darrin Quinion,846,dquinionek@sciencedirect.com,Male
Drud Sparrowhawk,625,dsparrowhawkel@smh.com.au,Male
Crawford Labet,533,clabetem@chronoengine.com,Male
Andrei Detoile,847,adetoileen@hugedomains.com,Female
Camella Amaya,554,camayaeo@cornell.edu,Female
Saunders Kruszelnicki,680,skruszelnickiep@washingtonpost.com,Male
Phineas Arnoll,508,parnolleq@apple.com,Male
Kearney Carr,657,kcarrer@t-online.de,Male
Correy Girardeau,508,cgirardeaues@smugmug.com,Female
Spence Cattanach,653,scattanachet@webs.com,Male
Jamie Morewood,628,jmorewoodeu@examiner.com,Male
Efren Mowatt,537,emowattev@nyu.edu,Male
Jill Agglione,673,jagglioneew@mit.edu,Female
Ambros Baldery,630,abalderyex@amazonaws.com,Male
Kelci Swyre,771,kswyreey@dmoz.org,Female
Hart Bedwell,838,hbedwellez@arstechnica.com,Male
Kit Lambourne,818,klambournef0@illinois.edu,Male
Bev Work,726,bworkf1@twitpic.com,Male
Fields Juste,715,fjustef2@time.com,Male
Colby Starton,702,cstartonf3@ameblo.jp,Male
Lavinie Sharkey,729,lsharkeyf4@redcross.org,Female
Karina Gilogly,801,kgiloglyf5@imgur.com,Female
Thedric Leggin,708,tlegginf6@ihg.com,Male
Caitlin Peto,683,cpetof7@printfriendly.com,Female
Irene Sanford,533,isanfordf8@devhub.com,Female
Carlene Redier,513,credierf9@uiuc.edu,Female
Antonio Duncklee,793,adunckleefa@disqus.com,Male
Bordy Aspole,508,baspolefb@marriott.com,Male
Dinny Kaley,637,dkaleyfc@diigo.com,Female
Micky Guilloux,818,mguillouxfd@arizona.edu,Male
Silvester Sidaway,500,ssidawayfe@forbes.com,Male
Lucille Sheran,566,lsheranff@mapy.cz,Female
Rutter Manwell,782,rmanwellfg@noaa.gov,Male
Montgomery Grishenkov,787,mgrishenkovfh@squidoo.com,Male
Evey O'Hartnett,697,eohartnettfi@google.pl,Female
Katrine Rowly,770,krowlyfj@sitemeter.com,Female
Ian Barkshire,616,ibarkshirefk@springer.com,Male
Gianni Pickett,559,gpickettfl@vistaprint.com,Male
Silas MacGlory,518,smacgloryfm@goo.gl,Male
Nona Sauvain,624,nsauvainfn@theglobeandmail.com,Female
Shell Claire,693,sclairefo@google.com.br,Female
Caitrin Mangeot,731,cmangeotfp@time.com,Female
Carrol Baptist,705,cbaptistfq@ca.gov,Male
Worden Paffett,712,wpaffettfr@unc.edu,Male
Grace Fisher,849,gfisherfs@google.com.br,Male
Junia Mahady,667,jmahadyft@slate.com,Female
Kirsteni Scoone,731,kscoonefu@yolasite.com,Female
Matti Loan,665,mloanfv@google.co.uk,Female
Muire Castagna,845,mcastagnafw@patch.com,Female
Thatch Alti,565,taltifx@usda.gov,Male
Elia Crocetto,746,ecrocettofy@booking.com,Male
Sid Halversen,500,shalversenfz@java.com,Male
Haydon Kleinberer,712,hkleinbererg0@chronoengine.com,Male
Vaughan Mould,523,vmouldg1@xing.com,Male
Neall Greenin,552,ngreening2@storify.com,Male
Hersch Boote,740,hbooteg3@yandex.ru,Male
Kizzee Filippello,796,kfilippellog4@salon.com,Female
Walsh Janauschek,781,wjanauschekg5@oakley.com,Male
Boy Francescuccio,843,bfrancescucciog6@prlog.org,Male
Marshal Yarnley,532,myarnleyg7@msu.edu,Male
Marwin Carp,730,mcarpg8@uiuc.edu,Male
Andonis Crosscombe,826,acrosscombeg9@ehow.com,Male
Dorothee McCarrell,753,dmccarrellga@adobe.com,Female
Alika Fahy,515,afahygb@de.vu,Female
Amerigo Foley,566,afoleygc@bigcartel.com,Male
Ruthy Carter,789,rcartergd@timesonline.co.uk,Female
Monah Chippindale,620,mchippindalege@goo.gl,Female
Gherardo Turney,768,gturneygf@fc2.com,Male
Colman Awty,577,cawtygg@stumbleupon.com,Male
Jourdain Verlander,521,jverlandergh@about.com,Male
Bryant Pledger,532,bpledgergi@harvard.edu,Male
Alexine Jolliman,784,ajollimangj@wikia.com,Female
Alasteir Elnor,549,aelnorgk@princeton.edu,Male
Maurizio Headon,651,mheadongl@artisteer.com,Male
Brandyn Wyldes,796,bwyldesgm@ebay.com,Male
Sibyl Pickerill,676,spickerillgn@hao123.com,Male
Rianon Gauge,617,rgaugego@sbwire.com,Female
Egan Heyburn,718,eheyburngp@linkedin.com,Male
Correna Corrado,600,ccorradogq@huffingtonpost.com,Female
Javier Callister,648,jcallistergr@wikispaces.com,Male
Jacquelin Langley,581,jlangleygs@csmonitor.com,Female
Kirk Ladbrook,576,kladbrookgt@microsoft.com,Male
Bebe Avrahamian,581,bavrahamiangu@comcast.net,Female
Roanne Syddie,833,rsyddiegv@google.it,Female
Nady Kiefer,762,nkiefergw@mozilla.org,Female
Hunter Cumming,700,hcumminggx@amazon.co.jp,Male
Dene Cluatt,844,dcluattgy@wix.com,Male
Rana Gambles,651,rgamblesgz@biglobe.ne.jp,Female
Loutitia Durden,547,ldurdenh0@yahoo.com,Female
Gilemette Spire,771,gspireh1@symantec.com,Female
Delores Solomonides,810,dsolomonidesh2@mail.ru,Female
Pembroke Attac,845,pattach3@businesswire.com,Male
Rudd Dunaway,778,rdunawayh4@cargocollective.com,Male
Duff Iddenden,539,diddendenh5@indiegogo.com,Male
Jock Whilder,642,jwhilderh6@ihg.com,Male
Mara Booler,828,mboolerh7@businesswire.com,Female
Livvie Regglar,815,lregglarh8@kickstarter.com,Female
Pauly De Bruyn,745,pdeh9@wix.com,Male
Kikelia Allgood,795,kallgoodha@timesonline.co.uk,Female
Hercules Dabels,690,hdabelshb@nytimes.com,Male
Reeva Pollington,599,rpollingtonhc@delicious.com,Female
Udale Calkin,729,ucalkinhd@nps.gov,Male
Liesa Zanetti,508,lzanettihe@google.co.jp,Female
Alden Roome,549,aroomehf@weibo.com,Male
Kev Lightbourne,755,klightbournehg@google.ru,Male
Doris Thornley,538,dthornleyhh@storify.com,Female
Pet Drillingcourt,539,pdrillingcourthi@devhub.com,Female
Farrell Chatburn,662,fchatburnhj@a8.net,Male
Lewiss Planks,504,lplankshk@bluehost.com,Male
Stevena Lippingwell,846,slippingwellhl@pcworld.com,Female
Sheena D'Onisi,502,sdonisihm@telegraph.co.uk,Female
Axe Melan,715,amelanhn@digg.com,Male
Kendal Skermer,729,kskermerho@bandcamp.com,Male
Babb Kerford,660,bkerfordhp@bizjournals.com,Female
Beauregard Ingarfill,515,bingarfillhq@goodreads.com,Male
Pren Cribbins,621,pcribbinshr@ucla.edu,Male
Town Muncaster,785,tmuncasterhs@wix.com,Male
Aimee Mellody,502,amellodyht@utexas.edu,Female
Missy Klais,560,mklaishu@t-online.de,Female
Arnuad Sydall,528,asydallhv@cmu.edu,Male
Ardath Houson,588,ahousonhw@rakuten.co.jp,Female
Gardner Kimbley,769,gkimbleyhx@usatoday.com,Male
Kamilah Memmory,516,kmemmoryhy@guardian.co.uk,Female
Harald Gumley,524,hgumleyhz@lycos.com,Male
Simeon Polet,755,spoleti0@studiopress.com,Male
Antone Don,585,adoni1@columbia.edu,Male
Janet Willetts,584,jwillettsi2@dmoz.org,Female
Dene Wearne,651,dwearnei3@vimeo.com,Male
Sibeal Robjant,847,srobjanti4@washington.edu,Female
Obadiah Cottell,738,ocottelli5@gizmodo.com,Male
Carney Elphinstone,780,celphinstonei6@ifeng.com,Male
Arlen Dunn,777,adunni7@nba.com,Male
Andris Fibben,811,afibbeni8@networkadvertising.org,Male
Drake Maharey,735,dmahareyi9@woothemes.com,Male
Lizbeth Seares,611,lsearesia@360.cn,Female
Wilona Treves,814,wtrevesib@constantcontact.com,Female
Garret Templeton,586,gtempletonic@patch.com,Male
Coraline Holstein,795,cholsteinid@networksolutions.com,Female
Elvis Gullick,540,egullickie@techcrunch.com,Male
Garrard Parell,748,gparellif@tmall.com,Male
Hallie Hickinbottom,574,hhickinbottomig@oakley.com,Female
Maryann Alsford,743,malsfordih@bloglovin.com,Female
Elijah Drinkhall,841,edrinkhallii@irs.gov,Male
Warren Sammut,620,wsammutij@sbwire.com,Male
Chen Kliche,621,cklicheik@ucla.edu,Male
Lisabeth Hakonsen,620,lhakonsenil@ucsd.edu,Female
Leslie Rymer,806,lrymerim@cnbc.com,Male
Penn Bend,781,pbendin@ocn.ne.jp,Male
Hashim Swapp,737,hswappio@house.gov,Male
Quintin Pavyer,847,qpavyerip@apple.com,Male
Ranee Spellissy,803,rspellissyiq@123-reg.co.uk,Female
Obed Zorzi,569,ozorziir@mapy.cz,Male
Calida McClancy,639,cmcclancyis@usgs.gov,Female
Yale Janoschek,725,yjanoschekit@unc.edu,Male
Eustace Pinard,541,epinardiu@tumblr.com,Male
Francklin Vondra,618,fvondraiv@chicagotribune.com,Male
Stepha Rooms,603,sroomsiw@goo.ne.jp,Female
Netta Garrod,740,ngarrodix@symantec.com,Female
Powell Brinkman,644,pbrinkmaniy@naver.com,Male
Derick Gaythwaite,619,dgaythwaiteiz@google.es,Male
Abram Decker,543,adeckerj0@newyorker.com,Male
Chad Schott,573,cschottj1@slideshare.net,Male
Nowell Janew,717,njanewj2@xrea.com,Male
Britte Apps,786,bappsj3@tiny.cc,Female
Charo Kuzma,671,ckuzmaj4@intel.com,Female
Clayton Rotherham,613,crotherhamj5@clickbank.net,Male
Archie Martinello,683,amartinelloj6@bloglines.com,Male
Nikolas Shepton,759,nsheptonj7@geocities.com,Male
Damon Lumly,556,dlumlyj8@aol.com,Male
Jasun Tilt,697,jtiltj9@stanford.edu,Male
Eddy Molineaux,800,emolineauxja@umn.edu,Male
Claudetta Sprouls,599,csproulsjb@github.io,Female
Reynolds Belverstone,521,rbelverstonejc@paypal.com,Male
Kearney Danbi,640,kdanbijd@altervista.org,Male
Katharine O'Farris,620,kofarrisje@jalbum.net,Female
Steward Sicely,677,ssicelyjf@oakley.com,Male
Fara Cumming,528,fcummingjg@army.mil,Female
Tiffani McNern,719,tmcnernjh@mail.ru,Female
Dorolice Grevel,697,dgrevelji@netscape.com,Female
Dosi Shillabeare,584,dshillabearejj@diigo.com,Female
Mayne Bond,760,mbondjk@xing.com,Male
Cleveland Travers,561,ctraversjl@cafepress.com,Male
Guglielma Sukbhans,618,gsukbhansjm@merriam-webster.com,Female
Trstram Neumann,656,tneumannjn@odnoklassniki.ru,Male
Fran Mintrim,803,fmintrimjo@sina.com.cn,Male
Lou Charley,683,lcharleyjp@addthis.com,Female
Darla Rickford,501,drickfordjq@hc360.com,Female
Gardener Abrashkin,647,gabrashkinjr@who.int,Male
Claiborn Cargen,619,ccargenjs@noaa.gov,Male
Nadia Nizard,773,nnizardjt@hibu.com,Female
Kale Valance,734,kvalanceju@t-online.de,Male
Clari Teasey,765,cteaseyjv@1688.com,Female
Burr Wolfarth,525,bwolfarthjw@xing.com,Male
Gratiana Lochead,647,glocheadjx@homestead.com,Female
Bunnie Rymer,540,brymerjy@indiatimes.com,Female
Odelinda Rawlin,640,orawlinjz@artisteer.com,Female
Kahlil Hobben,616,khobbenk0@acquirethisname.com,Male
Prentice Pifford,648,ppiffordk1@mysql.com,Male
Linda Hurley,636,lhurleyk2@yahoo.co.jp,Female
Vera Alleyn,842,valleynk3@ucoz.ru,Female
Nedda Barlass,766,nbarlassk4@si.edu,Female
Camey Whittles,665,cwhittlesk5@smh.com.au,Male
Perice Chafer,832,pchaferk6@jigsy.com,Male
Tiffany Svanini,589,tsvaninik7@discovery.com,Female
Tab Bownd,789,tbowndk8@latimes.com,Male
Terri Orkney,809,torkneyk9@devhub.com,Male
Marshal Strathdee,772,mstrathdeeka@printfriendly.com,Male
Page Beran,572,pberankb@dell.com,Female
Daloris Sheaf,551,dsheafkc@ox.ac.uk,Female
Felicle Bettanay,504,fbettanaykd@imdb.com,Female
Maribel Dafydd,706,mdafyddke@rediff.com,Female
Ailis Marvel,579,amarvelkf@blogger.com,Female
Portie Buick,788,pbuickkg@forbes.com,Male
Tymothy Hassur,822,thassurkh@php.net,Male
Udell Santori,799,usantoriki@usda.gov,Male
Aurel Uden,639,audenkj@cbc.ca,Female
Ludwig Klimmek,640,lklimmekkk@so-net.ne.jp,Male
Bevvy Millthorpe,733,bmillthorpekl@jalbum.net,Female
Stanleigh Tomaszkiewicz,690,stomaszkiewiczkm@loc.gov,Male
Jasper Layne,816,jlaynekn@un.org,Male
Michaella Berntsson,672,mberntssonko@163.com,Female
Yolanthe Wallwork,607,ywallworkkp@fda.gov,Female
Tedie Rentenbeck,540,trentenbeckkq@washington.edu,Male
Olivier Du Hamel,548,odukr@dagondesign.com,Male
Archer Reford,828,arefordks@usatoday.com,Male
Beniamino Tolhurst,837,btolhurstkt@github.com,Male
Mabel Lancastle,841,mlancastleku@netlog.com,Female
Klaus Meany,807,kmeanykv@usatoday.com,Male
Asher Collabine,540,acollabinekw@yahoo.com,Male
Tracie Burtwistle,658,tburtwistlekx@posterous.com,Male
Nicolis Trevino,639,ntrevinoky@wired.com,Male
Cairistiona Schrieves,620,cschrieveskz@ycombinator.com,Female
Darcee Denisyuk,545,ddenisyukl0@amazon.com,Female
Alejoa Ottley,790,aottleyl1@taobao.com,Male
Waldemar Hedley,501,whedleyl2@nytimes.com,Male
Wyatan Jacklings,520,wjacklingsl3@surveymonkey.com,Male
Norbert Rappport,670,nrappportl4@i2i.jp,Male
Patty Shuttell,595,pshuttelll5@friendfeed.com,Male
Wilhelm Coneron,769,wconeronl6@flavors.me,Male
Sisile Nugent,803,snugentl7@fotki.com,Female
Cathrin Tulip,522,ctulipl8@globo.com,Female
Joyce Maro,803,jmarol9@hubpages.com,Female
Redford Guerola,769,rguerolala@hhs.gov,Male
Oliver Hagerty,801,ohagertylb@sina.com.cn,Male
Merill Runnett,663,mrunnettlc@fc2.com,Male
Edan Markey,716,emarkeyld@godaddy.com,Male
Rosalinda Bosward,622,rboswardle@tumblr.com,Female
Milissent Staner,770,mstanerlf@facebook.com,Female
Erin Chopping,850,echoppinglg@forbes.com,Female
Kent Hunnawill,844,khunnawilllh@ustream.tv,Male
Vinnie Kremer,591,vkremerli@freewebs.com,Male
Christian Domican,559,cdomicanlj@youtube.com,Male
Nonah Skipton,500,nskiptonlk@scientificamerican.com,Female
Priscella Boij,651,pboijll@surveymonkey.com,Female
Hobey Healks,554,hhealkslm@engadget.com,Male
Dannel Wickins,833,dwickinsln@zdnet.com,Male
Betsey Lightbody,590,blightbodylo@amazon.co.uk,Female
Candi Orchart,553,corchartlp@livejournal.com,Female
Ronny Bean,643,rbeanlq@usgs.gov,Male
Jock O'Hederscoll,643,johederscolllr@patch.com,Male
Foster Cornthwaite,510,fcornthwaitels@artisteer.com,Male
Sonia Merredy,558,smerredylt@discuz.net,Female
Liliane Birkmyr,761,lbirkmyrlu@spiegel.de,Female
Oralle Playden,719,oplaydenlv@wordpress.org,Female
Wilma McGinny,626,wmcginnylw@wunderground.com,Female
Vincents Kennet,734,vkennetlx@4shared.com,Male
Beilul Giovani,514,bgiovanily@wp.com,Female
Perry Clayfield,610,pclayfieldlz@shareasale.com,Male
Fonsie Buckberry,600,fbuckberrym0@nature.com,Male
Ralf Ciotti,513,rciottim1@constantcontact.com,Male
Saleem MacMenamy,571,smacmenamym2@wikimedia.org,Male
Eadith Ogle,553,eoglem3@ocn.ne.jp,Female
Adina Savege,507,asavegem4@deliciousdays.com,Female
Nance Palluschek,536,npalluschekm5@ezinearticles.com,Female
Lyon Eldered,608,lelderedm6@abc.net.au,Male
Walker Antognetti,798,wantognettim7@mozilla.com,Male
Tandi Vereker,697,tverekerm8@xinhuanet.com,Female
Isa Loughan,706,iloughanm9@ucoz.ru,Female
Dorine Simononsky,825,dsimononskyma@huffingtonpost.com,Female
Riva Bastone,755,rbastonemb@ocn.ne.jp,Female
Mozelle Hindsberg,506,mhindsbergmc@canalblog.com,Female
Constantia Dikle,764,cdiklemd@gizmodo.com,Female
Andrej Silbert,567,asilbertme@samsung.com,Male
Paige Lacer,506,placermf@foxnews.com,Male
Jereme Sandwith,813,jsandwithmg@yelp.com,Male
Florina Moggle,686,fmogglemh@reverbnation.com,Female
Eberto Antonik,743,eantonikmi@jiathis.com,Male
Noel Rendall,664,nrendallmj@admin.ch,Male
Carilyn Fold,510,cfoldmk@linkedin.com,Female
Farlee Pollock,764,fpollockml@usnews.com,Male
Mattie Kocher,750,mkochermm@nydailynews.com,Male
Maggy Antusch,743,mantuschmn@squarespace.com,Female
Boote Heaney,538,bheaneymo@51.la,Male
Delmar Dytham,617,ddythammp@ning.com,Male
Wendi Snellman,598,wsnellmanmq@joomla.org,Female
Giff Cheshire,804,gcheshiremr@msu.edu,Male
Kania Pantlin,790,kpantlinms@ocn.ne.jp,Female
Theo Thornewill,678,tthornewillmt@miibeian.gov.cn,Male
Enrichetta Habens,620,ehabensmu@prnewswire.com,Female
Rand Powland,846,rpowlandmv@upenn.edu,Male
Elwin Schule,588,eschulemw@apache.org,Male
Willard Dimitriades,639,wdimitriadesmx@amazon.co.jp,Male
Ker Maud,614,kmaudmy@nationalgeographic.com,Male
Misha Lockney,844,mlockneymz@aol.com,Female
Brendis Bambridge,587,bbambridgen0@issuu.com,Male
Nikaniki Hammant,645,nhammantn1@earthlink.net,Female
Geoffry Amberger,574,gambergern2@joomla.org,Male
Karlis Osorio,667,kosorion3@guardian.co.uk,Male
Ryann Saulter,783,rsaultern4@kickstarter.com,Female
Johannes Filisov,733,jfilisovn5@baidu.com,Male
Frederic Maffini,508,fmaffinin6@census.gov,Male
Juieta Dockree,708,jdockreen7@dell.com,Female
Kikelia Kingsman,530,kkingsmann8@wunderground.com,Female
Liam Baggot,836,lbaggotn9@ocn.ne.jp,Male
Lacey Chatband,509,lchatbandna@sakura.ne.jp,Female
Owen Conibeer,674,oconibeernb@symantec.com,Male
Normand Dosdell,538,ndosdellnc@simplemachines.org,Male
Dinny Bicksteth,646,dbickstethnd@latimes.com,Female
Jobina Hebson,549,jhebsonne@over-blog.com,Female
Purcell Klimpt,504,pklimptnf@themeforest.net,Male
Gallard Dobbyn,522,gdobbynng@bing.com,Male
Gloriane Wanklyn,641,gwanklynnh@a8.net,Female
Marilyn Tabourier,654,mtabourierni@craigslist.org,Female
Charles Spong,715,cspongnj@studiopress.com,Male
Tina Dyshart,627,tdyshartnk@cmu.edu,Female
Darwin Fabler,779,dfablernl@rediff.com,Male
Geoffrey Dixsee,726,gdixseenm@sfgate.com,Male
Jourdan Hacquel,675,jhacquelnn@guardian.co.uk,Female
Ardis Glazer,682,aglazerno@seesaa.net,Female
Shauna Goodridge,573,sgoodridgenp@soup.io,Female
Lutero Daftor,589,ldaftornq@mozilla.com,Male
Ursala Collicott,722,ucollicottnr@so-net.ne.jp,Female
Clyve Innes,833,cinnesns@mail.ru,Male
Trude Tegeller,681,ttegellernt@bloglovin.com,Female
Hally Bottell,591,hbottellnu@360.cn,Female
Sammy Addyman,687,saddymannv@prweb.com,Female
Onfroi Kirckman,616,okirckmannw@mapquest.com,Male
Beauregard Crusham,620,bcrushamnx@aol.com,Male
Joel Bullar,747,jbullarny@github.com,Male
Zeke Ruspine,772,zruspinenz@unesco.org,Male
Rhys Brearley,839,rbrearleyo0@nydailynews.com,Male
Alard Redihalgh,753,aredihalgho1@house.gov,Male
Tommie Earingey,698,tearingeyo2@1688.com,Male
Demetria Garratty,785,dgarrattyo3@upenn.edu,Female
Izak Maro,746,imaroo4@networkadvertising.org,Male
Agosto O'Giany,603,aogianyo5@fema.gov,Male
Bobbi Hearsey,728,bhearseyo6@guardian.co.uk,Female
Garek Jahn,679,gjahno7@tinyurl.com,Male
Yorke France,636,yfranceo8@artisteer.com,Male
Gwenneth Dillistone,763,gdillistoneo9@google.co.uk,Female
Ellyn Beeden,746,ebeedenoa@yelp.com,Female
Foster Crawforth,541,fcrawforthob@wordpress.org,Male
Deck Peizer,513,dpeizeroc@constantcontact.com,Male
Cheston Oldroyde,762,coldroydeod@sun.com,Male
Tobe Strelitzer,542,tstrelitzeroe@pinterest.com,Male
Robinetta McGarry,657,rmcgarryof@purevolume.com,Female
Fayre Ficken,529,ffickenog@reference.com,Female
Mag Maps,767,mmapsoh@xing.com,Female
Ashlee Whales,717,awhalesoi@alexa.com,Female
Becca Matysik,508,bmatysikoj@over-blog.com,Female
Corey Monroe,675,cmonroeok@sciencedirect.com,Female
Guy Bailie,556,gbailieol@tripod.com,Male
Cherilyn Lomasny,589,clomasnyom@posterous.com,Female
Patrica Eason,551,peasonon@youtube.com,Female
Walker McComish,720,wmccomishoo@amazonaws.com,Male
Colver Keets,775,ckeetsop@php.net,Male
Tori Mellmoth,562,tmellmothoq@engadget.com,Female
Fergus Heikkinen,598,fheikkinenor@imgur.com,Male
Melody Mapples,568,mmapplesos@ow.ly,Female
Bellanca Tredget,735,btredgetot@unicef.org,Female
Marris Fraschetti,541,mfraschettiou@myspace.com,Female
Ashby Eggar,676,aeggarov@51.la,Male
Carlota Ciciotti,736,cciciottiow@xinhuanet.com,Female
Staffard Mc Mechan,638,smcox@g.co,Male
Harriot McColley,839,hmccolleyoy@economist.com,Female
Cornelle Sandford,807,csandfordoz@com.com,Female
Phil Caddan,797,pcaddanp0@washingtonpost.com,Female
Way Creevy,528,wcreevyp1@alexa.com,Male
Berton Angelo,650,bangelop2@senate.gov,Male
Frasco Blaes,539,fblaesp3@php.net,Male
Brit Helder,677,bhelderp4@blogs.com,Male
Perry Mougin,587,pmouginp5@nydailynews.com,Male
Kerby Pettit,759,kpettitp6@imageshack.us,Male
Juditha Laverty,662,jlavertyp7@ehow.com,Female
Wayland Melchior,820,wmelchiorp8@bbc.co.uk,Male
Burnard Sieve,772,bsievep9@indiatimes.com,Male
Shelli Thurber,775,sthurberpa@disqus.com,Female
Burg Batalini,614,bbatalinipb@virginia.edu,Male
Dorolice Feighry,765,dfeighrypc@yelp.com,Female
Silvan Wright,764,swrightpd@comcast.net,Male
Dannel Ibbett,762,dibbettpe@digg.com,Male
Finley Wrangle,805,fwranglepf@prweb.com,Male
Howey Jeffels,650,hjeffelspg@tripod.com,Male
Ade O' Mahony,607,aoph@ox.ac.uk,Male
Georgiana Pickerill,512,gpickerillpi@examiner.com,Female
Ernst Duffree,842,eduffreepj@pagesperso-orange.fr,Male
Betta Boyles,646,bboylespk@constantcontact.com,Female
Alard Cosgrive,610,acosgrivepl@squidoo.com,Male
Barth Pennigar,605,bpennigarpm@ehow.com,Male
Onida Genese,643,ogenesepn@geocities.com,Female
Frederigo Furmage,705,ffurmagepo@de.vu,Male
Hunt Behnke,826,hbehnkepp@xing.com,Male
Fayth Erswell,725,ferswellpq@dmoz.org,Female
Alvan Hesbrook,598,ahesbrookpr@g.co,Male
Cate Kondratovich,544,ckondratovichps@rediff.com,Female
Dulcinea Hollingsby,624,dhollingsbypt@reverbnation.com,Female
Dominic O'Sheerin,783,dosheerinpu@cloudflare.com,Male
Miof mela Vuitte,524,mmelapv@comcast.net,Female
Chicky Gerb,760,cgerbpw@theatlantic.com,Female
Zabrina Ivanyushkin,622,zivanyushkinpx@typepad.com,Female
Waylan Tremlett,615,wtremlettpy@blinklist.com,Male
Elinor Mease,715,emeasepz@go.com,Female
Jasen Dixcey,714,jdixceyq0@livejournal.com,Male
Dawna Begbie,814,dbegbieq1@tinypic.com,Female
Vonnie Embling,846,vemblingq2@accuweather.com,Female
Larine Enric,518,lenricq3@parallels.com,Female
Cesar Cowp,812,ccowpq4@chron.com,Male
Valera Hammerberg,683,vhammerbergq5@vkontakte.ru,Female
Dallas Eastbury,568,deastburyq6@independent.co.uk,Female
Lindsay Gwyther,597,lgwytherq7@samsung.com,Female
West Mizzen,778,wmizzenq8@hibu.com,Male
Adena Rapsey,599,arapseyq9@answers.com,Female
Charmain Bedminster,698,cbedminsterqa@cyberchimps.com,Female
Gaspard Wagner,586,gwagnerqb@yahoo.com,Male
Tisha Roulston,542,troulstonqc@amazonaws.com,Female
Ashton Janczyk,668,ajanczykqd@squidoo.com,Male
Kele Janssens,566,kjanssensqe@loc.gov,Male
Terza Colquitt,578,tcolquittqf@yellowpages.com,Female
Vasili Bird,681,vbirdqg@behance.net,Male
Thelma MacCallion,638,tmaccallionqh@cornell.edu,Female
Mikkel Brocking,804,mbrockingqi@dropbox.com,Male
Randie MacRinn,742,rmacrinnqj@answers.com,Male
Kathi Physic,582,kphysicqk@paginegialle.it,Female
Mikaela Dyter,825,mdyterql@mapquest.com,Female
Lacy Klimas,670,lklimasqm@nifty.com,Female
Rosalinda Watling,584,rwatlingqn@prnewswire.com,Female
Emanuel Ormshaw,589,eormshawqo@slideshare.net,Male
Delmar Stallan,827,dstallanqp@jigsy.com,Male
Eli Olivi,748,eoliviqq@slideshare.net,Male
Carmon Lappine,614,clappineqr@shareasale.com,Female
Sigmund Janssen,793,sjanssenqs@360.cn,Male
Franchot McCorley,787,fmccorleyqt@bluehost.com,Male
Dan Barczewski,815,dbarczewskiqu@globo.com,Male
Merla Nazareth,789,mnazarethqv@instagram.com,Female
Julietta Gravy,653,jgravyqw@answers.com,Female
Chucho Van Ross,778,cvanqx@mac.com,Male
Fredi McGarry,809,fmcgarryqy@github.io,Female
Rocky O'Sheerin,697,rosheerinqz@nps.gov,Male
Hilliary Towll,505,htowllr0@google.com.br,Female
Sascha Elkington,618,selkingtonr1@artisteer.com,Female
Ailyn Jenking,718,ajenkingr2@jugem.jp,Female
Phebe Cutill,516,pcutillr3@slate.com,Female
Emmott Khoter,849,ekhoterr4@miitbeian.gov.cn,Male
Suzann Dolden,566,sdoldenr5@icq.com,Female
Erina Towhey,501,etowheyr6@4shared.com,Female
Vasili Pistol,746,vpistolr7@domainmarket.com,Male
Raye Pitrasso,700,rpitrassor8@shop-pro.jp,Female
Jeri Dumbrall,665,jdumbrallr9@nba.com,Female
Bree Challenger,625,bchallengerra@aboutads.info,Female
Barnebas Rudiger,523,brudigerrb@xing.com,Male
Kordula Bowie,801,kbowierc@reference.com,Female
Aaron Beteriss,736,abeterissrd@prweb.com,Male
Elsinore Imos,795,eimosre@netvibes.com,Female
Ellyn Dellenbach,716,edellenbachrf@tamu.edu,Female
Burnard Wherrett,804,bwherrettrg@ebay.co.uk,Male
Manfred Keigher,613,mkeigherrh@tmall.com,Male
Colin Hennington,582,chenningtonri@cdc.gov,Male
Ebeneser Sivyer,836,esivyerrj@squidoo.com,Male
Bebe Wherton,817,bwhertonrk@google.co.uk,Female
Wolf Burhouse,833,wburhouserl@google.com.br,Male
Russell Mullender,565,rmullenderrm@shinystat.com,Male
Arluene Hiscoe,796,ahiscoern@disqus.com,Female
Colas Walaron,753,cwalaronro@lycos.com,Male
Casandra Abadam,636,cabadamrp@squidoo.com,Female
Yoshi Skyppe,732,yskypperq@cnet.com,Female
Colene Truran,606,ctruranrr@time.com,Female
